<?xml version="1.0" encoding="UTF-8"?>
<project-private xmlns="http://www.netbeans.org/ns/project-private/1">
    <editor-bookmarks xmlns="http://www.netbeans.org/ns/editor-bookmarks/2" lastBookmarkId="0"/>
    <open-files xmlns="http://www.netbeans.org/ns/projectui-open-files/2">
        <group>
            <file>file:/C:/Users/Jarvis/Documents/Biola%20F-2017/UI/Biola%20Eats%20(2)/Biola%20Eats/Biola%20Eats/src/app/LogMealExchange.java</file>
            <file>file:/C:/Users/Jarvis/Documents/Biola%20F-2017/UI/Biola%20Eats%20(2)/Biola%20Eats/Biola%20Eats/manifest.mf</file>
            <file>file:/C:/Users/Jarvis/Documents/Biola%20F-2017/UI/Biola%20Eats%20(2)/Biola%20Eats/Biola%20Eats/src/app/LogBreakfast.java</file>
            <file>file:/C:/Users/Jarvis/Documents/Biola%20F-2017/UI/Biola%20Eats%20(2)/Biola%20Eats/Biola%20Eats/src/app/LogLunch.java</file>
            <file>file:/C:/Users/Jarvis/Documents/Biola%20F-2017/UI/Biola%20Eats%20(2)/Biola%20Eats/Biola%20Eats/src/app/Eatery.java</file>
            <file>file:/C:/Users/Jarvis/Documents/Biola%20F-2017/UI/Biola%20Eats%20(2)/Biola%20Eats/Biola%20Eats/src/app/Reviews.java</file>
            <file>file:/C:/Users/Jarvis/Documents/Biola%20F-2017/UI/Biola%20Eats%20(2)/Biola%20Eats/Biola%20Eats/src/app/LogDinner.java</file>
            <file>file:/C:/Users/Jarvis/Documents/Biola%20F-2017/UI/Biola%20Eats%20(2)/Biola%20Eats/Biola%20Eats/src/app/Breakfast.java</file>
            <file>file:/C:/Users/Jarvis/Documents/Biola%20F-2017/UI/Biola%20Eats%20(2)/Biola%20Eats/Biola%20Eats/src/app/LogIn.java</file>
            <file>file:/C:/Users/Jarvis/Documents/Biola%20F-2017/UI/Biola%20Eats%20(2)/Biola%20Eats/Biola%20Eats/src/app/MealExchange.java</file>
            <file>file:/C:/Users/Jarvis/Documents/Biola%20F-2017/UI/Biola%20Eats%20(2)/Biola%20Eats/Biola%20Eats/src/app/WriteReview.java</file>
            <file>file:/C:/Users/Jarvis/Documents/Biola%20F-2017/UI/Biola%20Eats%20(2)/Biola%20Eats/Biola%20Eats/src/app/Lunch.java</file>
            <file>file:/C:/Users/Jarvis/Documents/Biola%20F-2017/UI/Biola%20Eats%20(2)/Biola%20Eats/Biola%20Eats/src/app/MainScreen.java</file>
            <file>file:/C:/Users/Jarvis/Documents/Biola%20F-2017/UI/Biola%20Eats%20(2)/Biola%20Eats/Biola%20Eats/src/app/LogEatery.java</file>
            <file>file:/C:/Users/Jarvis/Documents/Biola%20F-2017/UI/Biola%20Eats%20(2)/Biola%20Eats/Biola%20Eats/src/app/Create.java</file>
            <file>file:/C:/Users/Jarvis/Documents/Biola%20F-2017/UI/Biola%20Eats%20(2)/Biola%20Eats/Biola%20Eats/src/app/Dinner.java</file>
            <file>file:/C:/Users/Jarvis/Documents/Biola%20F-2017/UI/Biola%20Eats%20(2)/Biola%20Eats/Biola%20Eats/src/app/Friends.java</file>
            <file>file:/C:/Users/Jarvis/Documents/Biola%20F-2017/UI/Biola%20Eats%20(2)/Biola%20Eats/Biola%20Eats/src/app/source.gif</file>
        </group>
    </open-files>
</project-private>
