<?xml version="1.0" encoding="UTF-8"?>
<project-private xmlns="http://www.netbeans.org/ns/project-private/1">
    <editor-bookmarks xmlns="http://www.netbeans.org/ns/editor-bookmarks/2" lastBookmarkId="0"/>
    <open-files xmlns="http://www.netbeans.org/ns/projectui-open-files/2">
        <group>
            <file>file:/C:/Users/Jarvis/Documents/Biola%20F-2017/UI/Biola%20Eats%20(2)/Biola%20Eats/Biola%20Eats/src/Eatery.java</file>
            <file>file:/C:/Users/Jarvis/Documents/Biola%20F-2017/UI/Biola%20Eats%20(2)/Biola%20Eats/Biola%20Eats/src/MainScreen.java</file>
            <file>file:/C:/Users/Jarvis/Documents/Biola%20F-2017/UI/Biola%20Eats%20(2)/Biola%20Eats/Biola%20Eats/src/Friends.java</file>
            <file>file:/C:/Users/Jarvis/Documents/Biola%20F-2017/UI/Biola%20Eats%20(2)/Biola%20Eats/Biola%20Eats/src/Create.java</file>
            <file>file:/C:/Users/Jarvis/Documents/Biola%20F-2017/UI/Biola%20Eats%20(2)/Biola%20Eats/Biola%20Eats/src/LogBreakfast.java</file>
            <file>file:/C:/Users/Jarvis/Documents/Biola%20F-2017/UI/Biola%20Eats%20(2)/Biola%20Eats/Biola%20Eats/src/LogIn.java</file>
            <file>file:/C:/Users/Jarvis/Documents/Biola%20F-2017/UI/Biola%20Eats%20(2)/Biola%20Eats/Biola%20Eats/src/Reviews.java</file>
            <file>file:/C:/Users/Jarvis/Documents/Biola%20F-2017/UI/Biola%20Eats%20(2)/Biola%20Eats/Biola%20Eats/src/WriteReview.java</file>
            <file>file:/C:/Users/Jarvis/Documents/Biola%20F-2017/UI/Biola%20Eats%20(2)/Biola%20Eats/Biola%20Eats/src/Lunch.java</file>
            <file>file:/C:/Users/Jarvis/Documents/Biola%20F-2017/UI/Biola%20Eats%20(2)/Biola%20Eats/Biola%20Eats/src/Dinner.java</file>
            <file>file:/C:/Users/Jarvis/Documents/Biola%20F-2017/UI/Biola%20Eats%20(2)/Biola%20Eats/Biola%20Eats/src/LogDinner.java</file>
            <file>file:/C:/Users/Jarvis/Documents/Biola%20F-2017/UI/Biola%20Eats%20(2)/Biola%20Eats/Biola%20Eats/src/LogLunch.java</file>
            <file>file:/C:/Users/Jarvis/Documents/Biola%20F-2017/UI/Biola%20Eats%20(2)/Biola%20Eats/Biola%20Eats/src/LogMealExchange.java</file>
            <file>file:/C:/Users/Jarvis/Documents/Biola%20F-2017/UI/Biola%20Eats%20(2)/Biola%20Eats/Biola%20Eats/src/Breakfast.java</file>
            <file>file:/C:/Users/Jarvis/Documents/Biola%20F-2017/UI/Biola%20Eats%20(2)/Biola%20Eats/Biola%20Eats/src/LogEatery.java</file>
            <file>file:/C:/Users/Jarvis/Documents/Biola%20F-2017/UI/Biola%20Eats%20(2)/Biola%20Eats/Biola%20Eats/src/MealExchange.java</file>
        </group>
    </open-files>
</project-private>
